name,matrix_n,pixel_mm,cell_pitch_mm,pixel_overfill_ratio,gap_mm,feed_w_mm,feed_len_mm,coupling_overlap_mm,pattern,custom_mask_rows,via_mask_rows,via_diameter_rows,via_diameter_mm,via_pad_diameter_mm,seed,fill_probability,mirror_x,force_edge_coupling,connect_adjacent_pixels,substrate,er,h_mm,copper_mm,min_fab_gap_mm,min_fab_feature_mm,metal_layer,via_layer,boundary_layer,notes
pixel_qr16_fr4_210um_r11_01_base_r10c05_d0p105,16,0.35,0.35,0.1,0,0.38,2,0.45,custom,1111010110101111;1110100110010111;1110100000010111;1110001111000111;1011010110101101;1101100110011011;1011110110111101;1000000110000001;1111111111111111;0011100110011100;0001010110101000;0000100110010000;0101001111001010;1101011111101011;1000010110100001;0110110110110110,0000000000000000;0000000000000000;0000000000000000;0000000000000000;0000000000000000;0000000000000000;0000000000000000;0000000000000000;0000100000010000;0000000000000000;0000010000100000;0000000000000000;0000000000000000;0000000000000000;0000000000000000;0000000000000000,"0,0,0,0,0,0,0,0,0,0,0,0,0,0,0,0;0,0,0,0,0,0,0,0,0,0,0,0,0,0,0,0;0,0,0,0,0,0,0,0,0,0,0,0,0,0,0,0;0,0,0,0,0,0,0,0,0,0,0,0,0,0,0,0;0,0,0,0,0,0,0,0,0,0,0,0,0,0,0,0;0,0,0,0,0,0,0,0,0,0,0,0,0,0,0,0;0,0,0,0,0,0,0,0,0,0,0,0,0,0,0,0;0,0,0,0,0,0,0,0,0,0,0,0,0,0,0,0;0,0,0,0,0.2,0,0,0,0,0,0,0.2,0,0,0,0;0,0,0,0,0,0,0,0,0,0,0,0,0,0,0,0;0,0,0,0,0,0.105,0,0,0,0,0.105,0,0,0,0,0;0,0,0,0,0,0,0,0,0,0,0,0,0,0,0,0;0,0,0,0,0,0,0,0,0,0,0,0,0,0,0,0;0,0,0,0,0,0,0,0,0,0,0,0,0,0,0,0;0,0,0,0,0,0,0,0,0,0,0,0,0,0,0,0;0,0,0,0,0,0,0,0,0,0,0,0,0,0,0,0",0.2,0.32,11001,0.5,true,true,true,BFP_lib:substrate4,4.6,0.21,0.035,0.1016,0.1016,cond,pcvia1,EM_BOUNDARY,"R11 ultra-weak via/feed-recovery probe; base=pixel_qr16_fr4_210um_r8_11_d0p20_add_r09c04; main row8 c04/c11 via fixed at 0.20 mm; second mirrored via r10c05 at 0.105 mm; feed_w=0.38 mm, coupling_overlap=0.45 mm. lower inner branch; least harmful among R10 real tests; R8 best-balanced external coupling. Objective: keep the R10 5 GHz notch gain but recover 6 GHz above -5.5 dB."
pixel_qr16_fr4_210um_r11_02_base_r10c05_d0p11,16,0.35,0.35,0.1,0,0.38,2,0.45,custom,1111010110101111;1110100110010111;1110100000010111;1110001111000111;1011010110101101;1101100110011011;1011110110111101;1000000110000001;1111111111111111;0011100110011100;0001010110101000;0000100110010000;0101001111001010;1101011111101011;1000010110100001;0110110110110110,0000000000000000;0000000000000000;0000000000000000;0000000000000000;0000000000000000;0000000000000000;0000000000000000;0000000000000000;0000100000010000;0000000000000000;0000010000100000;0000000000000000;0000000000000000;0000000000000000;0000000000000000;0000000000000000,"0,0,0,0,0,0,0,0,0,0,0,0,0,0,0,0;0,0,0,0,0,0,0,0,0,0,0,0,0,0,0,0;0,0,0,0,0,0,0,0,0,0,0,0,0,0,0,0;0,0,0,0,0,0,0,0,0,0,0,0,0,0,0,0;0,0,0,0,0,0,0,0,0,0,0,0,0,0,0,0;0,0,0,0,0,0,0,0,0,0,0,0,0,0,0,0;0,0,0,0,0,0,0,0,0,0,0,0,0,0,0,0;0,0,0,0,0,0,0,0,0,0,0,0,0,0,0,0;0,0,0,0,0.2,0,0,0,0,0,0,0.2,0,0,0,0;0,0,0,0,0,0,0,0,0,0,0,0,0,0,0,0;0,0,0,0,0,0.11,0,0,0,0,0.11,0,0,0,0,0;0,0,0,0,0,0,0,0,0,0,0,0,0,0,0,0;0,0,0,0,0,0,0,0,0,0,0,0,0,0,0,0;0,0,0,0,0,0,0,0,0,0,0,0,0,0,0,0;0,0,0,0,0,0,0,0,0,0,0,0,0,0,0,0;0,0,0,0,0,0,0,0,0,0,0,0,0,0,0,0",0.2,0.32,11002,0.5,true,true,true,BFP_lib:substrate4,4.6,0.21,0.035,0.1016,0.1016,cond,pcvia1,EM_BOUNDARY,"R11 ultra-weak via/feed-recovery probe; base=pixel_qr16_fr4_210um_r8_11_d0p20_add_r09c04; main row8 c04/c11 via fixed at 0.20 mm; second mirrored via r10c05 at 0.110 mm; feed_w=0.38 mm, coupling_overlap=0.45 mm. lower inner branch; least harmful among R10 real tests; R8 best-balanced external coupling. Objective: keep the R10 5 GHz notch gain but recover 6 GHz above -5.5 dB."
pixel_qr16_fr4_210um_r11_03_base_r09c04_d0p105,16,0.35,0.35,0.1,0,0.38,2,0.45,custom,1111010110101111;1110100110010111;1110100000010111;1110001111000111;1011010110101101;1101100110011011;1011110110111101;1000000110000001;1111111111111111;0011100110011100;0001010110101000;0000100110010000;0101001111001010;1101011111101011;1000010110100001;0110110110110110,0000000000000000;0000000000000000;0000000000000000;0000000000000000;0000000000000000;0000000000000000;0000000000000000;0000000000000000;0000100000010000;0000100000010000;0000000000000000;0000000000000000;0000000000000000;0000000000000000;0000000000000000;0000000000000000,"0,0,0,0,0,0,0,0,0,0,0,0,0,0,0,0;0,0,0,0,0,0,0,0,0,0,0,0,0,0,0,0;0,0,0,0,0,0,0,0,0,0,0,0,0,0,0,0;0,0,0,0,0,0,0,0,0,0,0,0,0,0,0,0;0,0,0,0,0,0,0,0,0,0,0,0,0,0,0,0;0,0,0,0,0,0,0,0,0,0,0,0,0,0,0,0;0,0,0,0,0,0,0,0,0,0,0,0,0,0,0,0;0,0,0,0,0,0,0,0,0,0,0,0,0,0,0,0;0,0,0,0,0.2,0,0,0,0,0,0,0.2,0,0,0,0;0,0,0,0,0.105,0,0,0,0,0,0,0.105,0,0,0,0;0,0,0,0,0,0,0,0,0,0,0,0,0,0,0,0;0,0,0,0,0,0,0,0,0,0,0,0,0,0,0,0;0,0,0,0,0,0,0,0,0,0,0,0,0,0,0,0;0,0,0,0,0,0,0,0,0,0,0,0,0,0,0,0;0,0,0,0,0,0,0,0,0,0,0,0,0,0,0,0;0,0,0,0,0,0,0,0,0,0,0,0,0,0,0,0",0.2,0.32,11003,0.5,true,true,true,BFP_lib:substrate4,4.6,0.21,0.035,0.1016,0.1016,cond,pcvia1,EM_BOUNDARY,"R11 ultra-weak via/feed-recovery probe; base=pixel_qr16_fr4_210um_r8_11_d0p20_add_r09c04; main row8 c04/c11 via fixed at 0.20 mm; second mirrored via r09c04 at 0.105 mm; feed_w=0.38 mm, coupling_overlap=0.45 mm. direct lower shoulder; deepest 5 GHz among R10 real tests; R8 best-balanced external coupling. Objective: keep the R10 5 GHz notch gain but recover 6 GHz above -5.5 dB."
pixel_qr16_fr4_210um_r11_04_base_r09c04_d0p11,16,0.35,0.35,0.1,0,0.38,2,0.45,custom,1111010110101111;1110100110010111;1110100000010111;1110001111000111;1011010110101101;1101100110011011;1011110110111101;1000000110000001;1111111111111111;0011100110011100;0001010110101000;0000100110010000;0101001111001010;1101011111101011;1000010110100001;0110110110110110,0000000000000000;0000000000000000;0000000000000000;0000000000000000;0000000000000000;0000000000000000;0000000000000000;0000000000000000;0000100000010000;0000100000010000;0000000000000000;0000000000000000;0000000000000000;0000000000000000;0000000000000000;0000000000000000,"0,0,0,0,0,0,0,0,0,0,0,0,0,0,0,0;0,0,0,0,0,0,0,0,0,0,0,0,0,0,0,0;0,0,0,0,0,0,0,0,0,0,0,0,0,0,0,0;0,0,0,0,0,0,0,0,0,0,0,0,0,0,0,0;0,0,0,0,0,0,0,0,0,0,0,0,0,0,0,0;0,0,0,0,0,0,0,0,0,0,0,0,0,0,0,0;0,0,0,0,0,0,0,0,0,0,0,0,0,0,0,0;0,0,0,0,0,0,0,0,0,0,0,0,0,0,0,0;0,0,0,0,0.2,0,0,0,0,0,0,0.2,0,0,0,0;0,0,0,0,0.11,0,0,0,0,0,0,0.11,0,0,0,0;0,0,0,0,0,0,0,0,0,0,0,0,0,0,0,0;0,0,0,0,0,0,0,0,0,0,0,0,0,0,0,0;0,0,0,0,0,0,0,0,0,0,0,0,0,0,0,0;0,0,0,0,0,0,0,0,0,0,0,0,0,0,0,0;0,0,0,0,0,0,0,0,0,0,0,0,0,0,0,0;0,0,0,0,0,0,0,0,0,0,0,0,0,0,0,0",0.2,0.32,11004,0.5,true,true,true,BFP_lib:substrate4,4.6,0.21,0.035,0.1016,0.1016,cond,pcvia1,EM_BOUNDARY,"R11 ultra-weak via/feed-recovery probe; base=pixel_qr16_fr4_210um_r8_11_d0p20_add_r09c04; main row8 c04/c11 via fixed at 0.20 mm; second mirrored via r09c04 at 0.110 mm; feed_w=0.38 mm, coupling_overlap=0.45 mm. direct lower shoulder; deepest 5 GHz among R10 real tests; R8 best-balanced external coupling. Objective: keep the R10 5 GHz notch gain but recover 6 GHz above -5.5 dB."
pixel_qr16_fr4_210um_r11_05_base_r09c03_d0p105,16,0.35,0.35,0.1,0,0.38,2,0.45,custom,1111010110101111;1110100110010111;1110100000010111;1110001111000111;1011010110101101;1101100110011011;1011110110111101;1000000110000001;1111111111111111;0011100110011100;0001010110101000;0000100110010000;0101001111001010;1101011111101011;1000010110100001;0110110110110110,0000000000000000;0000000000000000;0000000000000000;0000000000000000;0000000000000000;0000000000000000;0000000000000000;0000000000000000;0000100000010000;0001000000001000;0000000000000000;0000000000000000;0000000000000000;0000000000000000;0000000000000000;0000000000000000,"0,0,0,0,0,0,0,0,0,0,0,0,0,0,0,0;0,0,0,0,0,0,0,0,0,0,0,0,0,0,0,0;0,0,0,0,0,0,0,0,0,0,0,0,0,0,0,0;0,0,0,0,0,0,0,0,0,0,0,0,0,0,0,0;0,0,0,0,0,0,0,0,0,0,0,0,0,0,0,0;0,0,0,0,0,0,0,0,0,0,0,0,0,0,0,0;0,0,0,0,0,0,0,0,0,0,0,0,0,0,0,0;0,0,0,0,0,0,0,0,0,0,0,0,0,0,0,0;0,0,0,0,0.2,0,0,0,0,0,0,0.2,0,0,0,0;0,0,0,0.105,0,0,0,0,0,0,0,0,0.105,0,0,0;0,0,0,0,0,0,0,0,0,0,0,0,0,0,0,0;0,0,0,0,0,0,0,0,0,0,0,0,0,0,0,0;0,0,0,0,0,0,0,0,0,0,0,0,0,0,0,0;0,0,0,0,0,0,0,0,0,0,0,0,0,0,0,0;0,0,0,0,0,0,0,0,0,0,0,0,0,0,0,0;0,0,0,0,0,0,0,0,0,0,0,0,0,0,0,0",0.2,0.32,11005,0.5,true,true,true,BFP_lib:substrate4,4.6,0.21,0.035,0.1016,0.1016,cond,pcvia1,EM_BOUNDARY,"R11 ultra-weak via/feed-recovery probe; base=pixel_qr16_fr4_210um_r8_11_d0p20_add_r09c04; main row8 c04/c11 via fixed at 0.20 mm; second mirrored via r09c03 at 0.105 mm; feed_w=0.38 mm, coupling_overlap=0.45 mm. outer lower shoulder branch; untested R10 neighbor; R8 best-balanced external coupling. Objective: keep the R10 5 GHz notch gain but recover 6 GHz above -5.5 dB."
pixel_qr16_fr4_210um_r11_06_base_r09c03_d0p11,16,0.35,0.35,0.1,0,0.38,2,0.45,custom,1111010110101111;1110100110010111;1110100000010111;1110001111000111;1011010110101101;1101100110011011;1011110110111101;1000000110000001;1111111111111111;0011100110011100;0001010110101000;0000100110010000;0101001111001010;1101011111101011;1000010110100001;0110110110110110,0000000000000000;0000000000000000;0000000000000000;0000000000000000;0000000000000000;0000000000000000;0000000000000000;0000000000000000;0000100000010000;0001000000001000;0000000000000000;0000000000000000;0000000000000000;0000000000000000;0000000000000000;0000000000000000,"0,0,0,0,0,0,0,0,0,0,0,0,0,0,0,0;0,0,0,0,0,0,0,0,0,0,0,0,0,0,0,0;0,0,0,0,0,0,0,0,0,0,0,0,0,0,0,0;0,0,0,0,0,0,0,0,0,0,0,0,0,0,0,0;0,0,0,0,0,0,0,0,0,0,0,0,0,0,0,0;0,0,0,0,0,0,0,0,0,0,0,0,0,0,0,0;0,0,0,0,0,0,0,0,0,0,0,0,0,0,0,0;0,0,0,0,0,0,0,0,0,0,0,0,0,0,0,0;0,0,0,0,0.2,0,0,0,0,0,0,0.2,0,0,0,0;0,0,0,0.11,0,0,0,0,0,0,0,0,0.11,0,0,0;0,0,0,0,0,0,0,0,0,0,0,0,0,0,0,0;0,0,0,0,0,0,0,0,0,0,0,0,0,0,0,0;0,0,0,0,0,0,0,0,0,0,0,0,0,0,0,0;0,0,0,0,0,0,0,0,0,0,0,0,0,0,0,0;0,0,0,0,0,0,0,0,0,0,0,0,0,0,0,0;0,0,0,0,0,0,0,0,0,0,0,0,0,0,0,0",0.2,0.32,11006,0.5,true,true,true,BFP_lib:substrate4,4.6,0.21,0.035,0.1016,0.1016,cond,pcvia1,EM_BOUNDARY,"R11 ultra-weak via/feed-recovery probe; base=pixel_qr16_fr4_210um_r8_11_d0p20_add_r09c04; main row8 c04/c11 via fixed at 0.20 mm; second mirrored via r09c03 at 0.110 mm; feed_w=0.38 mm, coupling_overlap=0.45 mm. outer lower shoulder branch; untested R10 neighbor; R8 best-balanced external coupling. Objective: keep the R10 5 GHz notch gain but recover 6 GHz above -5.5 dB."
pixel_qr16_fr4_210um_r11_07_fw0p40_ol0p43_r10c05_d0p105,16,0.35,0.35,0.1,0,0.4,2,0.43,custom,1111010110101111;1110100110010111;1110100000010111;1110001111000111;1011010110101101;1101100110011011;1011110110111101;1000000110000001;1111111111111111;0011100110011100;0001010110101000;0000100110010000;0101001111001010;1101011111101011;1000010110100001;0110110110110110,0000000000000000;0000000000000000;0000000000000000;0000000000000000;0000000000000000;0000000000000000;0000000000000000;0000000000000000;0000100000010000;0000000000000000;0000010000100000;0000000000000000;0000000000000000;0000000000000000;0000000000000000;0000000000000000,"0,0,0,0,0,0,0,0,0,0,0,0,0,0,0,0;0,0,0,0,0,0,0,0,0,0,0,0,0,0,0,0;0,0,0,0,0,0,0,0,0,0,0,0,0,0,0,0;0,0,0,0,0,0,0,0,0,0,0,0,0,0,0,0;0,0,0,0,0,0,0,0,0,0,0,0,0,0,0,0;0,0,0,0,0,0,0,0,0,0,0,0,0,0,0,0;0,0,0,0,0,0,0,0,0,0,0,0,0,0,0,0;0,0,0,0,0,0,0,0,0,0,0,0,0,0,0,0;0,0,0,0,0.2,0,0,0,0,0,0,0.2,0,0,0,0;0,0,0,0,0,0,0,0,0,0,0,0,0,0,0,0;0,0,0,0,0,0.105,0,0,0,0,0.105,0,0,0,0,0;0,0,0,0,0,0,0,0,0,0,0,0,0,0,0,0;0,0,0,0,0,0,0,0,0,0,0,0,0,0,0,0;0,0,0,0,0,0,0,0,0,0,0,0,0,0,0,0;0,0,0,0,0,0,0,0,0,0,0,0,0,0,0,0;0,0,0,0,0,0,0,0,0,0,0,0,0,0,0,0",0.2,0.32,11007,0.5,true,true,true,BFP_lib:substrate4,4.6,0.21,0.035,0.1016,0.1016,cond,pcvia1,EM_BOUNDARY,"R11 ultra-weak via/feed-recovery probe; base=pixel_qr16_fr4_210um_r8_11_d0p20_add_r09c04; main row8 c04/c11 via fixed at 0.20 mm; second mirrored via r10c05 at 0.105 mm; feed_w=0.40 mm, coupling_overlap=0.43 mm. lower inner branch; least harmful among R10 real tests; R9 passband-edge recovery coupling. Objective: keep the R10 5 GHz notch gain but recover 6 GHz above -5.5 dB."
pixel_qr16_fr4_210um_r11_08_fw0p40_ol0p43_r10c05_d0p11,16,0.35,0.35,0.1,0,0.4,2,0.43,custom,1111010110101111;1110100110010111;1110100000010111;1110001111000111;1011010110101101;1101100110011011;1011110110111101;1000000110000001;1111111111111111;0011100110011100;0001010110101000;0000100110010000;0101001111001010;1101011111101011;1000010110100001;0110110110110110,0000000000000000;0000000000000000;0000000000000000;0000000000000000;0000000000000000;0000000000000000;0000000000000000;0000000000000000;0000100000010000;0000000000000000;0000010000100000;0000000000000000;0000000000000000;0000000000000000;0000000000000000;0000000000000000,"0,0,0,0,0,0,0,0,0,0,0,0,0,0,0,0;0,0,0,0,0,0,0,0,0,0,0,0,0,0,0,0;0,0,0,0,0,0,0,0,0,0,0,0,0,0,0,0;0,0,0,0,0,0,0,0,0,0,0,0,0,0,0,0;0,0,0,0,0,0,0,0,0,0,0,0,0,0,0,0;0,0,0,0,0,0,0,0,0,0,0,0,0,0,0,0;0,0,0,0,0,0,0,0,0,0,0,0,0,0,0,0;0,0,0,0,0,0,0,0,0,0,0,0,0,0,0,0;0,0,0,0,0.2,0,0,0,0,0,0,0.2,0,0,0,0;0,0,0,0,0,0,0,0,0,0,0,0,0,0,0,0;0,0,0,0,0,0.11,0,0,0,0,0.11,0,0,0,0,0;0,0,0,0,0,0,0,0,0,0,0,0,0,0,0,0;0,0,0,0,0,0,0,0,0,0,0,0,0,0,0,0;0,0,0,0,0,0,0,0,0,0,0,0,0,0,0,0;0,0,0,0,0,0,0,0,0,0,0,0,0,0,0,0;0,0,0,0,0,0,0,0,0,0,0,0,0,0,0,0",0.2,0.32,11008,0.5,true,true,true,BFP_lib:substrate4,4.6,0.21,0.035,0.1016,0.1016,cond,pcvia1,EM_BOUNDARY,"R11 ultra-weak via/feed-recovery probe; base=pixel_qr16_fr4_210um_r8_11_d0p20_add_r09c04; main row8 c04/c11 via fixed at 0.20 mm; second mirrored via r10c05 at 0.110 mm; feed_w=0.40 mm, coupling_overlap=0.43 mm. lower inner branch; least harmful among R10 real tests; R9 passband-edge recovery coupling. Objective: keep the R10 5 GHz notch gain but recover 6 GHz above -5.5 dB."
pixel_qr16_fr4_210um_r11_09_fw0p40_ol0p43_r09c04_d0p105,16,0.35,0.35,0.1,0,0.4,2,0.43,custom,1111010110101111;1110100110010111;1110100000010111;1110001111000111;1011010110101101;1101100110011011;1011110110111101;1000000110000001;1111111111111111;0011100110011100;0001010110101000;0000100110010000;0101001111001010;1101011111101011;1000010110100001;0110110110110110,0000000000000000;0000000000000000;0000000000000000;0000000000000000;0000000000000000;0000000000000000;0000000000000000;0000000000000000;0000100000010000;0000100000010000;0000000000000000;0000000000000000;0000000000000000;0000000000000000;0000000000000000;0000000000000000,"0,0,0,0,0,0,0,0,0,0,0,0,0,0,0,0;0,0,0,0,0,0,0,0,0,0,0,0,0,0,0,0;0,0,0,0,0,0,0,0,0,0,0,0,0,0,0,0;0,0,0,0,0,0,0,0,0,0,0,0,0,0,0,0;0,0,0,0,0,0,0,0,0,0,0,0,0,0,0,0;0,0,0,0,0,0,0,0,0,0,0,0,0,0,0,0;0,0,0,0,0,0,0,0,0,0,0,0,0,0,0,0;0,0,0,0,0,0,0,0,0,0,0,0,0,0,0,0;0,0,0,0,0.2,0,0,0,0,0,0,0.2,0,0,0,0;0,0,0,0,0.105,0,0,0,0,0,0,0.105,0,0,0,0;0,0,0,0,0,0,0,0,0,0,0,0,0,0,0,0;0,0,0,0,0,0,0,0,0,0,0,0,0,0,0,0;0,0,0,0,0,0,0,0,0,0,0,0,0,0,0,0;0,0,0,0,0,0,0,0,0,0,0,0,0,0,0,0;0,0,0,0,0,0,0,0,0,0,0,0,0,0,0,0;0,0,0,0,0,0,0,0,0,0,0,0,0,0,0,0",0.2,0.32,11009,0.5,true,true,true,BFP_lib:substrate4,4.6,0.21,0.035,0.1016,0.1016,cond,pcvia1,EM_BOUNDARY,"R11 ultra-weak via/feed-recovery probe; base=pixel_qr16_fr4_210um_r8_11_d0p20_add_r09c04; main row8 c04/c11 via fixed at 0.20 mm; second mirrored via r09c04 at 0.105 mm; feed_w=0.40 mm, coupling_overlap=0.43 mm. direct lower shoulder; deepest 5 GHz among R10 real tests; R9 passband-edge recovery coupling. Objective: keep the R10 5 GHz notch gain but recover 6 GHz above -5.5 dB."
pixel_qr16_fr4_210um_r11_10_fw0p40_ol0p43_r09c04_d0p11,16,0.35,0.35,0.1,0,0.4,2,0.43,custom,1111010110101111;1110100110010111;1110100000010111;1110001111000111;1011010110101101;1101100110011011;1011110110111101;1000000110000001;1111111111111111;0011100110011100;0001010110101000;0000100110010000;0101001111001010;1101011111101011;1000010110100001;0110110110110110,0000000000000000;0000000000000000;0000000000000000;0000000000000000;0000000000000000;0000000000000000;0000000000000000;0000000000000000;0000100000010000;0000100000010000;0000000000000000;0000000000000000;0000000000000000;0000000000000000;0000000000000000;0000000000000000,"0,0,0,0,0,0,0,0,0,0,0,0,0,0,0,0;0,0,0,0,0,0,0,0,0,0,0,0,0,0,0,0;0,0,0,0,0,0,0,0,0,0,0,0,0,0,0,0;0,0,0,0,0,0,0,0,0,0,0,0,0,0,0,0;0,0,0,0,0,0,0,0,0,0,0,0,0,0,0,0;0,0,0,0,0,0,0,0,0,0,0,0,0,0,0,0;0,0,0,0,0,0,0,0,0,0,0,0,0,0,0,0;0,0,0,0,0,0,0,0,0,0,0,0,0,0,0,0;0,0,0,0,0.2,0,0,0,0,0,0,0.2,0,0,0,0;0,0,0,0,0.11,0,0,0,0,0,0,0.11,0,0,0,0;0,0,0,0,0,0,0,0,0,0,0,0,0,0,0,0;0,0,0,0,0,0,0,0,0,0,0,0,0,0,0,0;0,0,0,0,0,0,0,0,0,0,0,0,0,0,0,0;0,0,0,0,0,0,0,0,0,0,0,0,0,0,0,0;0,0,0,0,0,0,0,0,0,0,0,0,0,0,0,0;0,0,0,0,0,0,0,0,0,0,0,0,0,0,0,0",0.2,0.32,11010,0.5,true,true,true,BFP_lib:substrate4,4.6,0.21,0.035,0.1016,0.1016,cond,pcvia1,EM_BOUNDARY,"R11 ultra-weak via/feed-recovery probe; base=pixel_qr16_fr4_210um_r8_11_d0p20_add_r09c04; main row8 c04/c11 via fixed at 0.20 mm; second mirrored via r09c04 at 0.110 mm; feed_w=0.40 mm, coupling_overlap=0.43 mm. direct lower shoulder; deepest 5 GHz among R10 real tests; R9 passband-edge recovery coupling. Objective: keep the R10 5 GHz notch gain but recover 6 GHz above -5.5 dB."
pixel_qr16_fr4_210um_r11_11_fw0p40_ol0p43_r09c03_d0p105,16,0.35,0.35,0.1,0,0.4,2,0.43,custom,1111010110101111;1110100110010111;1110100000010111;1110001111000111;1011010110101101;1101100110011011;1011110110111101;1000000110000001;1111111111111111;0011100110011100;0001010110101000;0000100110010000;0101001111001010;1101011111101011;1000010110100001;0110110110110110,0000000000000000;0000000000000000;0000000000000000;0000000000000000;0000000000000000;0000000000000000;0000000000000000;0000000000000000;0000100000010000;0001000000001000;0000000000000000;0000000000000000;0000000000000000;0000000000000000;0000000000000000;0000000000000000,"0,0,0,0,0,0,0,0,0,0,0,0,0,0,0,0;0,0,0,0,0,0,0,0,0,0,0,0,0,0,0,0;0,0,0,0,0,0,0,0,0,0,0,0,0,0,0,0;0,0,0,0,0,0,0,0,0,0,0,0,0,0,0,0;0,0,0,0,0,0,0,0,0,0,0,0,0,0,0,0;0,0,0,0,0,0,0,0,0,0,0,0,0,0,0,0;0,0,0,0,0,0,0,0,0,0,0,0,0,0,0,0;0,0,0,0,0,0,0,0,0,0,0,0,0,0,0,0;0,0,0,0,0.2,0,0,0,0,0,0,0.2,0,0,0,0;0,0,0,0.105,0,0,0,0,0,0,0,0,0.105,0,0,0;0,0,0,0,0,0,0,0,0,0,0,0,0,0,0,0;0,0,0,0,0,0,0,0,0,0,0,0,0,0,0,0;0,0,0,0,0,0,0,0,0,0,0,0,0,0,0,0;0,0,0,0,0,0,0,0,0,0,0,0,0,0,0,0;0,0,0,0,0,0,0,0,0,0,0,0,0,0,0,0;0,0,0,0,0,0,0,0,0,0,0,0,0,0,0,0",0.2,0.32,11011,0.5,true,true,true,BFP_lib:substrate4,4.6,0.21,0.035,0.1016,0.1016,cond,pcvia1,EM_BOUNDARY,"R11 ultra-weak via/feed-recovery probe; base=pixel_qr16_fr4_210um_r8_11_d0p20_add_r09c04; main row8 c04/c11 via fixed at 0.20 mm; second mirrored via r09c03 at 0.105 mm; feed_w=0.40 mm, coupling_overlap=0.43 mm. outer lower shoulder branch; untested R10 neighbor; R9 passband-edge recovery coupling. Objective: keep the R10 5 GHz notch gain but recover 6 GHz above -5.5 dB."
pixel_qr16_fr4_210um_r11_12_fw0p40_ol0p43_r09c03_d0p11,16,0.35,0.35,0.1,0,0.4,2,0.43,custom,1111010110101111;1110100110010111;1110100000010111;1110001111000111;1011010110101101;1101100110011011;1011110110111101;1000000110000001;1111111111111111;0011100110011100;0001010110101000;0000100110010000;0101001111001010;1101011111101011;1000010110100001;0110110110110110,0000000000000000;0000000000000000;0000000000000000;0000000000000000;0000000000000000;0000000000000000;0000000000000000;0000000000000000;0000100000010000;0001000000001000;0000000000000000;0000000000000000;0000000000000000;0000000000000000;0000000000000000;0000000000000000,"0,0,0,0,0,0,0,0,0,0,0,0,0,0,0,0;0,0,0,0,0,0,0,0,0,0,0,0,0,0,0,0;0,0,0,0,0,0,0,0,0,0,0,0,0,0,0,0;0,0,0,0,0,0,0,0,0,0,0,0,0,0,0,0;0,0,0,0,0,0,0,0,0,0,0,0,0,0,0,0;0,0,0,0,0,0,0,0,0,0,0,0,0,0,0,0;0,0,0,0,0,0,0,0,0,0,0,0,0,0,0,0;0,0,0,0,0,0,0,0,0,0,0,0,0,0,0,0;0,0,0,0,0.2,0,0,0,0,0,0,0.2,0,0,0,0;0,0,0,0.11,0,0,0,0,0,0,0,0,0.11,0,0,0;0,0,0,0,0,0,0,0,0,0,0,0,0,0,0,0;0,0,0,0,0,0,0,0,0,0,0,0,0,0,0,0;0,0,0,0,0,0,0,0,0,0,0,0,0,0,0,0;0,0,0,0,0,0,0,0,0,0,0,0,0,0,0,0;0,0,0,0,0,0,0,0,0,0,0,0,0,0,0,0;0,0,0,0,0,0,0,0,0,0,0,0,0,0,0,0",0.2,0.32,11012,0.5,true,true,true,BFP_lib:substrate4,4.6,0.21,0.035,0.1016,0.1016,cond,pcvia1,EM_BOUNDARY,"R11 ultra-weak via/feed-recovery probe; base=pixel_qr16_fr4_210um_r8_11_d0p20_add_r09c04; main row8 c04/c11 via fixed at 0.20 mm; second mirrored via r09c03 at 0.110 mm; feed_w=0.40 mm, coupling_overlap=0.43 mm. outer lower shoulder branch; untested R10 neighbor; R9 passband-edge recovery coupling. Objective: keep the R10 5 GHz notch gain but recover 6 GHz above -5.5 dB."
