parameter,nominal_mm,sweep_min_mm,sweep_max_mm,step_mm,ads_variable,main_effect,priority
L,5.2,4.9,5.5,0.05,L,Center frequency; longer shifts passband lower.,high
tap,1.95,1.65,2.25,0.05,tap,Input/output match and insertion loss.,high
S1/S8,0.1176,0.1016,0.1976,0.01,"S1,S8","External-edge coupling, lower skirt, 5 GHz rejection, return loss.",high
S2/S7,0.175,0.095,0.255,0.01,"S2,S7",Near-edge coupling and passband ripple.,medium
S3/S6,0.1857,0.1057,0.2657,0.01,"S3,S6","Mid-band coupling, ripple flatness, skirt slope.",medium
S4/S5,0.1857,0.1057,0.2657,0.01,"S4,S5",Center coupling and passband bandwidth.,medium
W,0.3648,0.2848,0.4448,0.02,W,Resonator impedance and EM loading; keep tied to W0 initially.,low
W0,0.3648,0.2848,0.4448,0.02,W0,50 ohm launch width; usually fixed by stackup calculator.,low
Egap,0.4823,0.3323,0.6323,0.025,Egap,Open-end capacitance and end-effect frequency shift.,low
