freq_ghz,s11_db,s21_db,s22_db,s33_db,s43_db,s44_db,worst_return_db,worst_isolation_db,near_end_isolation_db,far_end_isolation_db,diagonal_isolation_db,s31_db,s41_db,s32_db,s42_db,s13_db,s14_db,s23_db,s24_db
0,0.000873015,-80.0062,0.000856491,0.000853658,-80.0067,0.000861307,0.000873015,-196.578,-201.64,-201.257,-196.578,-201.64,-209.767,-196.578,-201.257,-201.64,-209.769,-196.579,-201.257
0.05,-10.2891,-0.442387,-10.2833,-10.2133,-0.462091,-10.2248,-10.2133,-96.5675,-96.7356,-96.5675,-100.84,-96.7356,-100.84,-102.181,-96.5675,-96.7356,-100.84,-102.181,-96.5675
0.1,-15.721,-0.137363,-15.71,-15.405,-0.166216,-15.4287,-15.405,-89.844,-89.9817,-89.844,-94.7614,-89.9817,-94.7614,-95.4199,-89.844,-89.9817,-94.7614,-95.4199,-89.844
0.15,-18.739,-0.0817657,-18.725,-18.0762,-0.118584,-18.1105,-18.0762,-86.2383,-86.3796,-86.2383,-91.2762,-86.3796,-91.2762,-91.8197,-86.2383,-86.3796,-91.2762,-91.8197,-86.2383
0.2,-20.6361,-0.0647163,-20.6226,-19.5751,-0.109074,-19.6137,-19.5751,-83.7281,-83.8889,-83.7281,-88.7853,-83.8889,-88.7853,-89.3288,-83.7281,-83.8889,-88.7853,-89.3288,-83.7281
0.25,-21.878,-0.0589611,-21.868,-20.413,-0.110777,-20.4487,-20.413,-81.7971,-81.9799,-81.7971,-86.8336,-81.9799,-86.8336,-87.4091,-81.7971,-81.9799,-86.8336,-87.4091,-81.7971
0.3,-22.6929,-0.0577122,-22.6884,-20.849,-0.116955,-20.8765,-20.849,-80.2284,-80.434,-80.2284,-85.2224,-80.434,-85.2224,-85.8407,-80.2284,-80.434,-85.2224,-85.8407,-80.2284
0.35,-23.2136,-0.0586207,-23.2161,-21.0332,-0.125235,-21.0496,-21.0332,-78.9089,-79.1383,-78.9089,-83.846,-79.1383,-83.846,-84.5116,-78.9089,-79.1383,-83.846,-84.5116,-78.9089
0.4,-23.5259,-0.0606935,-23.5358,-21.059,-0.1346,-21.0632,-21.059,-77.7717,-78.0263,-77.7717,-82.6412,-78.0263,-82.6412,-83.3567,-77.7717,-78.0263,-82.6412,-83.3567,-77.7717
0.45,-23.6883,-0.0634537,-23.7053,-20.9864,-0.144557,-20.9783,-20.9783,-76.7741,-77.0551,-76.7741,-81.5674,-77.0551,-81.5674,-82.3344,-76.7741,-77.0551,-81.5674,-82.3344,-76.7741
0.5,-23.7421,-0.0666521,-23.7655,-20.8548,-0.154843,-20.835,-20.835,-75.8868,-76.1955,-75.8868,-80.5972,-76.1955,-80.5972,-81.4166,-75.8868,-76.1955,-80.5972,-81.4166,-75.8868
0.55,-23.7172,-0.07015,-23.7457,-20.6906,-0.165301,-20.6595,-20.6595,-75.0892,-75.4266,-75.0892,-79.7114,-75.4266,-79.7114,-80.5831,-75.0892,-75.4266,-79.7114,-80.5831,-75.0892
0.6,-23.6353,-0.0738658,-23.6675,-20.5114,-0.175824,-20.4683,-20.4683,-74.3665,-74.7328,-74.3665,-78.8959,-74.7328,-78.8959,-79.819,-74.3665,-74.7328,-78.8959,-79.819,-74.3665
0.65,-23.5125,-0.0777484,-23.5468,-20.3292,-0.186332,-20.2709,-20.2709,-73.707,-74.1025,-73.707,-78.1406,-74.1025,-78.1406,-79.1131,-73.707,-74.1025,-78.1406,-79.1131,-73.707
0.7,-23.3606,-0.0817631,-23.3957,-20.1519,-0.196757,-20.0744,-20.0744,-73.1023,-73.5266,-73.1023,-77.4375,-73.5266,-77.4375,-78.4564,-73.1023,-73.5266,-77.4375,-78.4564,-73.1023
0.75,-23.1886,-0.0858842,-23.2231,-19.985,-0.20704,-19.885,-19.885,-72.5452,-72.998,-72.5452,-76.7808,-72.998,-76.7808,-77.842,-72.5452,-72.998,-76.7808,-77.842,-72.5452
0.8,-23.0029,-0.0900905,-23.0357,-19.8322,-0.217133,-19.7086,-19.7086,-72.0305,-72.5112,-72.0305,-76.1657,-72.5112,-76.1657,-77.2643,-72.0305,-72.5112,-76.1657,-77.2643,-72.0305
0.85,-22.8086,-0.0943635,-22.8387,-19.6959,-0.226996,-19.5498,-19.5498,-71.5537,-72.0618,-71.5537,-75.5886,-72.0618,-75.5886,-76.7188,-71.5537,-72.0618,-75.5886,-76.7188,-71.5537
0.9,-22.6093,-0.0986859,-22.6359,-19.5779,-0.236604,-19.4122,-19.4122,-71.111,-71.6463,-71.111,-75.0462,-71.6463,-75.0462,-76.2016,-71.111,-71.6463,-75.0462,-76.2016,-71.111
0.95,-22.4079,-0.103041,-22.4303,-19.4795,-0.245944,-19.2988,-19.2988,-70.6994,-71.262,-70.6994,-74.5357,-71.262,-74.5357,-75.7097,-70.6994,-71.262,-74.5357,-75.7097,-70.6994
1,-22.2064,-0.107413,-22.224,-19.4019,-0.255022,-19.212,-19.212,-70.3163,-70.907,-70.3163,-74.0547,-70.907,-74.0547,-75.2405,-70.3163,-70.907,-74.0547,-75.2405,-70.3163
1.05,-22.007,-0.111938,-22.0196,-19.3446,-0.263819,-19.1356,-19.1356,-69.9619,-70.5665,-69.9619,-73.5877,-70.5665,-73.5877,-74.7891,-69.9619,-70.5665,-73.5877,-74.7891,-69.9619
1.1,-21.8105,-0.116418,-21.8171,-19.3095,-0.27227,-19.0812,-19.0812,-69.6306,-70.2533,-69.6306,-73.1542,-70.2533,-73.1542,-74.3578,-69.6306,-70.2533,-73.1542,-74.3578,-69.6306
1.15,-21.6177,-0.120876,-21.6177,-19.2965,-0.280382,-19.0489,-19.0489,-69.3209,-69.9652,-69.3209,-72.7506,-69.9652,-72.7506,-73.9446,-69.3209,-69.9652,-72.7506,-73.9446,-69.3209
1.2,-21.4294,-0.125325,-21.4224,-19.3052,-0.288165,-19.0388,-19.0388,-69.0316,-69.7003,-69.0316,-72.3734,-69.7003,-72.3734,-73.5479,-69.0316,-69.7003,-72.3734,-73.5479,-69.0316
1.25,-21.2461,-0.129777,-21.2317,-19.3358,-0.29563,-19.0509,-19.0509,-68.7615,-69.4565,-68.7615,-72.0196,-69.4565,-72.0196,-73.1659,-68.7615,-69.4565,-72.0196,-73.1659,-68.7615
1.3,-21.0681,-0.134235,-21.0462,-19.3884,-0.302794,-19.0853,-19.0853,-68.51,-69.2316,-68.51,-71.6865,-69.2316,-71.6865,-72.797,-68.51,-69.2316,-71.6865,-72.797,-68.51
1.35,-20.8957,-0.138703,-20.866,-19.4634,-0.309673,-19.1422,-19.1422,-68.2763,-69.0238,-68.2763,-71.3715,-69.0238,-71.3715,-72.4397,-68.2763,-69.0238,-71.3715,-72.4397,-68.2763
1.4,-20.7289,-0.143181,-20.6915,-19.561,-0.316287,-19.2218,-19.2218,-68.0603,-68.831,-68.0603,-71.0719,-68.831,-71.0719,-72.0923,-68.0603,-68.831,-71.0719,-72.0923,-68.0603
1.45,-20.5679,-0.147667,-20.5226,-19.6816,-0.32266,-19.3243,-19.3243,-67.8619,-68.6512,-67.8619,-70.7852,-68.6512,-70.7852,-71.7533,-67.8619,-68.6512,-70.7852,-71.7533,-67.8619
1.5,-20.4126,-0.152161,-20.3595,-19.8256,-0.328815,-19.45,-19.45,-67.6814,-68.4822,-67.6814,-70.5087,-68.4822,-70.5087,-71.4213,-67.6814,-68.4822,-70.5087,-71.4213,-67.6814
1.55,-20.263,-0.156659,-20.2021,-19.9931,-0.334781,-19.5994,-19.5994,-67.5193,-68.3219,-67.5193,-70.2396,-68.3219,-70.2396,-71.0948,-67.5193,-68.3219,-70.2396,-71.0948,-67.5193
1.6,-20.1189,-0.161157,-20.0503,-20.1843,-0.340585,-19.7729,-19.7729,-67.3767,-68.1682,-67.3767,-69.9748,-68.1682,-69.9748,-70.7722,-67.3767,-68.1682,-69.9748,-70.7722,-67.3767
1.65,-19.9804,-0.165653,-19.9039,-20.3992,-0.346257,-19.9709,-19.9039,-67.2554,-68.0185,-67.2554,-69.7116,-68.0185,-69.7116,-70.452,-67.2554,-68.0185,-69.7116,-70.452,-67.2554
1.7,-19.8472,-0.170142,-19.7629,-20.6378,-0.35183,-20.1941,-19.7629,-67.1579,-67.8705,-67.1579,-69.4489,-67.8705,-69.4489,-70.1326,-67.1579,-67.8705,-69.4489,-70.1326,-67.1579
1.75,-19.7192,-0.174622,-19.6272,-20.8995,-0.357334,-20.4429,-19.6272,-67.0878,-67.7213,-67.0878,-69.1933,-67.7213,-69.1933,-69.8124,-67.0878,-67.7213,-69.1933,-69.8124,-67.0878
1.8,-19.5962,-0.179088,-19.4965,-21.1839,-0.362802,-20.7178,-19.4965,-67.0503,-67.5679,-67.0503,-68.9803,-67.5679,-68.9803,-69.4895,-67.0503,-67.5679,-68.9803,-69.4895,-67.0503
1.85,-19.4781,-0.183537,-19.3707,-21.4899,-0.368267,-21.0194,-19.3707,-67.0529,-67.4068,-67.0529,-68.9448,-67.4068,-68.9448,-69.162,-67.0529,-67.4068,-68.9448,-69.162,-67.0529
1.9,-19.3647,-0.187966,-19.2496,-21.8162,-0.37376,-21.3478,-19.2496,-67.1062,-67.2336,-67.1062,-68.8278,-67.2336,-69.4409,-68.8278,-67.1062,-67.2336,-69.4409,-68.8278,-67.1062
1.95,-19.2558,-0.192373,-19.1331,-22.161,-0.379315,-21.7032,-19.1331,-67.0431,-67.0431,-67.2241,-68.4842,-67.0431,-70.5691,-68.4842,-67.2241,-67.0431,-70.5691,-68.4842,-67.2241
2,-19.1512,-0.196755,-19.0211,-22.5215,-0.384962,-22.0853,-19.0211,-66.8286,-66.8286,-67.4194,-68.1283,-66.8286,-71.1944,-68.1283,-67.4194,-66.8286,-71.1944,-68.1283,-67.4194
2.05,-19.0508,-0.201111,-18.9133,-22.8943,-0.39073,-22.4932,-18.9133,-66.5812,-66.5812,-67.6799,-67.7561,-66.5812,-71.0335,-67.7561,-67.6799,-66.5812,-71.0335,-67.7561,-67.6799
2.1,-18.9543,-0.20544,-18.8097,-23.2747,-0.396649,-22.9253,-18.8097,-66.2886,-66.2886,-67.8759,-67.3622,-66.2886,-70.6751,-67.3622,-67.8759,-66.2886,-70.6751,-67.3622,-67.8759
2.15,-18.8616,-0.209741,-18.7102,-23.6563,-0.402744,-23.3787,-18.7102,-65.9327,-65.9327,-67.6148,-66.9392,-65.9327,-70.3484,-66.9392,-67.6148,-65.9327,-70.3484,-66.9392,-67.6148
2.2,-18.7723,-0.214016,-18.6147,-24.0313,-0.409041,-23.8487,-18.6147,-65.4856,-65.4856,-66.6881,-66.475,-65.4856,-70.0817,-66.475,-66.6881,-65.4856,-70.0817,-66.475,-66.6881
2.25,-18.6862,-0.218266,-18.5232,-24.3894,-0.415561,-24.3282,-18.5232,-64.9019,-64.9019,-65.8021,-65.9491,-64.9019,-69.8628,-65.9491,-65.8021,-64.9019,-69.8628,-65.9491,-65.8021
2.3,-18.6031,-0.222495,-18.4357,-24.7184,-0.422323,-24.8071,-18.4357,-64.1001,-64.1001,-65.439,-65.3227,-64.1001,-69.6754,-65.3227,-65.439,-64.1001,-69.6754,-65.3227,-65.439
2.35,-18.5224,-0.226712,-18.3522,-25.004,-0.429345,-25.2714,-18.3522,-62.9183,-62.9183,-65.4748,-64.5119,-62.9183,-69.5029,-64.5119,-65.4748,-62.9183,-69.5029,-64.5119,-65.4748
2.4,-18.4436,-0.230925,-18.273,-25.2312,-0.436639,-25.7026,-18.273,-60.9804,-60.9804,-65.7524,-63.308,-60.9804,-69.3267,-63.308,-65.7524,-60.9804,-69.3267,-63.308,-65.7524
2.45,-18.3654,-0.235154,-18.1982,-25.3855,-0.444215,-26.0787,-18.1982,-57.1599,-57.1599,-66.2264,-61.1,-57.1599,-69.1214,-61.1,-66.2264,-57.1599,-69.1214,-61.1,-66.2264
2.5,-18.2859,-0.239423,-18.1287,-25.4548,-0.452079,-26.3751,-18.1287,-48.3985,-48.3985,-66.938,-56.4202,-48.3985,-68.8475,-56.4202,-66.938,-48.3985,-68.8475,-56.4202,-66.938
2.55,-18.2051,-0.243764,-18.0653,-25.4323,-0.460234,-26.5684,-18.0653,-57.7602,-59.2514,-68.0198,-57.7602,-59.2514,-68.4404,-57.7602,-68.0198,-59.2514,-68.4404,-57.7602,-68.0198
2.6,-18.2951,-0.248144,-18.0098,-25.3171,-0.468679,-26.6413,-18.0098,-61.661,-65.6675,-69.7826,-61.661,-65.6675,-67.7954,-61.661,-69.7826,-65.6675,-67.7954,-61.661,-69.7826
2.65,-18.2314,-0.251801,-17.9641,-25.1153,-0.477408,-26.5865,-17.9641,-62.6038,-68.0156,-73.0513,-62.6038,-68.0156,-66.7529,-62.6038,-73.0513,-68.0156,-66.7529,-62.6038,-73.0513
2.7,-18.1267,-0.250489,-17.9254,-24.8385,-0.486414,-26.409,-17.9254,-62.5883,-68.3692,-79.5354,-62.5883,-68.3692,-65.0953,-62.5883,-79.5354,-68.3692,-65.0953,-62.5883,-79.5354
2.75,-18.0517,-0.250451,-17.8717,-24.5016,-0.495683,-26.1242,-17.8717,-62.2651,-67.9833,-72.5109,-62.2651,-67.9833,-62.5556,-62.2651,-72.5109,-67.9833,-62.5556,-62.2651,-72.5109
2.8,-17.9874,-0.25559,-17.7833,-24.121,-0.505201,-25.7546,-17.7833,-58.7664,-67.3471,-64.4166,-58.7664,-67.3471,-58.7664,-61.829,-64.4166,-67.3471,-58.7664,-61.829,-64.4166
2.85,-17.9284,-0.26051,-17.6917,-23.7125,-0.51495,-25.3241,-17.6917,-52.932,-66.6072,-59.3445,-52.932,-66.6072,-52.932,-61.3514,-59.3445,-66.6072,-52.932,-61.3514,-59.3445
2.9,-17.8729,-0.264925,-17.6177,-23.2899,-0.52491,-24.8553,-17.6177,-44.8125,-65.7991,-56.7249,-44.8125,-65.7991,-44.8125,-60.8672,-56.7249,-65.7991,-44.8125,-60.8672,-56.7249
2.95,-17.82,-0.269036,-17.5575,-22.8646,-0.535062,-24.3666,-17.5575,-49.4628,-64.9258,-55.9704,-49.4628,-64.9258,-49.4628,-60.3996,-55.9704,-64.9258,-49.4628,-60.3996,-55.9704
3,-17.7692,-0.272965,-17.5055,-22.4455,-0.545391,-23.8725,-17.5055,-53.8275,-63.9806,-56.0411,-53.8275,-63.9806,-53.8275,-59.9674,-56.0411,-63.9806,-53.8275,-59.9674,-56.0411
3.05,-17.7202,-0.276776,-17.4588,-22.0388,-0.555883,-23.3832,-17.4588,-56.1747,-62.9554,-56.3208,-56.1747,-62.9554,-56.1747,-59.5875,-56.3208,-62.9554,-56.1747,-59.5875,-56.3208
3.1,-17.6728,-0.280505,-17.4157,-21.6485,-0.566539,-22.9059,-17.4157,-56.5985,-61.8437,-56.5985,-57.5678,-61.8437,-57.5678,-59.2735,-56.5985,-61.8437,-57.5678,-59.2735,-56.5985
3.15,-17.6267,-0.284178,-17.3755,-21.2771,-0.577369,-22.4452,-17.3755,-56.8206,-60.6427,-56.8206,-58.4316,-60.6427,-58.4316,-59.0343,-56.8206,-60.6427,-58.4316,-59.0343,-56.8206
3.2,-17.5819,-0.287808,-17.3377,-20.925,-0.588406,-22.004,-17.3377,-56.9802,-59.3566,-56.9802,-58.8717,-59.3566,-58.9618,-58.8717,-56.9802,-59.3566,-58.9618,-58.8717,-56.9802
3.25,-17.5383,-0.291409,-17.3018,-20.5915,-0.599698,-21.5838,-17.3018,-57.0822,-58.0012,-57.0822,-58.7802,-58.0012,-59.2591,-58.7802,-57.0822,-58.0012,-59.2591,-58.7802,-57.0822
3.3,-17.4958,-0.294993,-17.2676,-20.2753,-0.611306,-21.1852,-17.2676,-56.6123,-56.6123,-57.1326,-58.7465,-56.6123,-59.3778,-58.7465,-57.1326,-56.6123,-59.3778,-58.7465,-57.1326
3.35,-17.4546,-0.298569,-17.2349,-19.9742,-0.623282,-20.8082,-17.2349,-55.2551,-55.2551,-57.1362,-58.7515,-55.2551,-59.3466,-58.7515,-57.1362,-55.2551,-59.3466,-58.7515,-57.1362
3.4,-17.4146,-0.302151,-17.2033,-19.686,-0.635648,-20.4525,-17.2033,-54.0269,-54.0269,-57.0952,-58.7717,-54.0269,-59.1773,-58.7717,-57.0952,-54.0269,-59.1773,-58.7717,-57.0952
3.45,-17.376,-0.305759,-17.1728,-19.4088,-0.648363,-20.1173,-17.1728,-53.0333,-53.0333,-57.0095,-58.7803,-53.0333,-58.8689,-58.7803,-57.0095,-53.0333,-58.8689,-58.7803,-57.0095
3.5,-17.3395,-0.30942,-17.1432,-19.1414,-0.661317,-19.8017,-17.1432,-52.3269,-52.3269,-56.8764,-58.4089,-52.3269,-58.4089,-58.7475,-56.8764,-52.3269,-58.4089,-58.7475,-56.8764
3.55,-17.3057,-0.313191,-17.1143,-18.8833,-0.674347,-19.5048,-17.1143,-51.8453,-51.8453,-56.6906,-57.7722,-51.8453,-57.7722,-58.6379,-56.6906,-51.8453,-57.7722,-58.6379,-56.6906
3.6,-17.2765,-0.317187,-17.0859,-18.6353,-0.687269,-19.2252,-17.0859,-51.4018,-51.4018,-56.4461,-56.9209,-51.4018,-56.9209,-58.4068,-56.4461,-51.4018,-56.9209,-58.4068,-56.4461
3.65,-17.2559,-0.32169,-17.0573,-18.399,-0.699909,-18.9618,-17.0573,-50.7073,-50.7073,-56.1417,-55.8083,-50.7073,-55.8083,-57.9912,-56.1417,-50.7073,-55.8083,-57.9912,-56.1417
3.7,-17.2522,-0.327488,-17.0265,-18.1766,-0.71212,-18.7151,-17.0265,-49.3976,-49.3976,-55.8053,-54.4187,-49.3976,-54.4187,-57.2963,-55.8053,-49.3976,-54.4187,-57.2963,-55.8053
3.75,-17.2666,-0.336951,-16.9867,-17.9705,-0.723765,-18.4917,-16.9867,-47.8423,-47.8423,-55.5802,-52.9593,-47.8423,-52.9593,-56.1754,-55.5802,-47.8423,-52.9593,-56.1754,-55.5802
3.8,-17.1729,-0.35297,-16.9192,-17.7825,-0.734687,-18.3128,-16.9192,-50.1898,-50.1898,-55.9399,-52.4019,-50.1898,-52.4019,-54.4629,-55.9399,-50.1898,-52.4019,-54.4629,-55.9399
3.85,-17.019,-0.356539,-16.8067,-17.6139,-0.744656,-18.1831,-16.8067,-52.6752,-54.4735,-57.6372,-52.6752,-54.4735,-54.036,-52.6752,-57.6372,-54.4735,-54.036,-52.6752,-57.6372
3.9,-16.9508,-0.35002,-16.7069,-17.465,-0.753331,-18.0539,-16.7069,-54.3457,-56.8587,-60.2096,-54.3457,-56.8587,-57.1011,-54.3457,-60.2096,-56.8587,-57.1011,-54.3457,-60.2096
3.95,-16.9077,-0.348376,-16.6661,-17.3354,-0.760346,-17.9106,-16.6661,-57.8717,-57.8717,-61.7584,-59.2373,-57.8717,-60.308,-59.2373,-61.7584,-57.8717,-60.308,-59.2373,-61.7584
4,-16.8697,-0.349605,-16.6471,-17.2238,-0.765749,-17.766,-16.6471,-58.2675,-58.2675,-61.8842,-63.2442,-58.2675,-63.2442,-63.6034,-61.8842,-58.2675,-63.2442,-63.6034,-61.8842
4.05,-16.8327,-0.352074,-16.6277,-17.1286,-0.770638,-17.6126,-16.6277,-58.3907,-58.3907,-61.4351,-65.8356,-58.3907,-65.8356,-66.586,-61.4351,-58.3907,-65.8356,-66.586,-61.4351
4.1,-16.796,-0.355158,-16.6037,-17.0479,-0.776643,-17.4543,-16.6037,-58.3703,-58.3703,-60.879,-68.0052,-58.3703,-68.0052,-68.1003,-60.879,-58.3703,-68.0052,-68.1003,-60.879
4.15,-16.7594,-0.358618,-16.5758,-16.9798,-0.784304,-17.4224,-16.5758,-58.2513,-58.2513,-60.3201,-68.4491,-58.2513,-69.5552,-68.4491,-60.3201,-58.2513,-69.5552,-68.4491,-60.3201
4.2,-16.7234,-0.362367,-16.545,-16.9228,-0.792959,-17.346,-16.545,-58.0446,-58.0446,-59.7406,-68.0659,-58.0446,-70.1792,-68.0659,-59.7406,-58.0446,-70.1792,-68.0659,-59.7406
4.25,-16.6878,-0.366402,-16.5122,-16.8755,-0.801822,-17.2762,-16.5122,-57.7439,-57.7439,-59.0772,-67.2275,-57.7439,-69.6812,-67.2275,-59.0772,-57.7439,-69.6812,-67.2275,-59.0772
4.3,-16.6528,-0.370779,-16.4781,-16.8368,-0.810458,-17.2187,-16.4781,-57.3293,-57.3293,-58.2254,-66.0403,-57.3293,-68.1756,-66.0403,-58.2254,-57.3293,-68.1756,-66.0403,-58.2254
4.35,-16.6175,-0.375628,-16.4432,-16.8058,-0.818713,-17.1742,-16.4432,-56.764,-56.764,-57.0136,-64.5222,-56.764,-65.9217,-64.5222,-57.0136,-56.764,-65.9217,-64.5222,-57.0136
4.4,-16.5792,-0.381166,-16.4079,-16.7822,-0.826565,-17.1427,-16.4079,-55.1684,-55.983,-55.1684,-62.6676,-55.983,-63.0629,-62.6676,-55.1684,-55.983,-63.0629,-62.6676,-55.1684
4.45,-16.5324,-0.387641,-16.3726,-16.7656,-0.834045,-17.1243,-16.3726,-52.3728,-54.8655,-52.3728,-59.5405,-54.8655,-59.5405,-60.5036,-52.3728,-54.8655,-59.5405,-60.5036,-52.3728
4.5,-16.472,-0.394897,-16.3372,-16.756,-0.841198,-17.1189,-16.3372,-49.2859,-53.1615,-49.2859,-55.078,-53.1615,-55.078,-58.1984,-49.2859,-53.1615,-55.078,-58.1984,-49.2859
4.55,-16.4035,-0.401233,-16.2994,-16.7535,-0.848073,-17.1262,-16.2994,-49.6269,-50.2631,-49.7152,-49.6269,-50.2631,-49.6269,-56.284,-49.7152,-50.2631,-49.6269,-56.284,-49.7152
4.6,-16.3395,-0.404035,-16.2474,-16.7582,-0.854715,-17.1461,-16.2474,-44.5608,-44.5608,-52.4297,-48.1899,-44.5608,-48.1899,-55.5952,-52.4297,-44.5608,-48.1899,-55.5952,-52.4297
4.65,-16.2851,-0.404134,-16.1433,-16.7703,-0.861163,-17.1786,-16.1433,-46.4057,-46.4057,-54.4978,-51.7962,-46.4057,-51.7962,-56.2215,-54.4978,-46.4057,-51.7962,-56.2215,-54.4978
4.7,-16.2383,-0.404342,-16.0416,-16.79,-0.867457,-17.2234,-16.0416,-54.6256,-55.2558,-55.8207,-54.6256,-55.2558,-54.6256,-57.3904,-55.8207,-55.2558,-54.6256,-57.3904,-55.8207
4.75,-16.1958,-0.405645,-16.02,-16.8172,-0.873631,-17.2804,-16.02,-56.5167,-60.9972,-56.6713,-56.5167,-60.9972,-56.5167,-58.5562,-56.6713,-60.9972,-56.5167,-58.5562,-56.6713
4.8,-16.1556,-0.407864,-16.0056,-16.8519,-0.879717,-17.3492,-16.0056,-57.2377,-64.5159,-57.2377,-57.8299,-64.5159,-57.8299,-59.5543,-57.2377,-64.5159,-57.8299,-59.5543,-57.2377
4.85,-16.1167,-0.410674,-15.9837,-16.8936,-0.885747,-17.4296,-15.9837,-57.6302,-65.8645,-57.6302,-58.778,-65.8645,-58.778,-60.372,-57.6302,-65.8645,-58.778,-60.372,-57.6302
4.9,-16.0788,-0.413847,-15.9567,-16.9419,-0.89175,-17.5213,-15.9567,-57.9136,-65.8221,-57.9136,-59.482,-65.8221,-59.482,-61.0354,-57.9136,-65.8221,-59.482,-61.0354,-57.9136
4.95,-16.0416,-0.417244,-15.9273,-16.9959,-0.897756,-17.6236,-15.9273,-58.1266,-65.2841,-58.1266,-60.0147,-65.2841,-60.0147,-61.5741,-58.1266,-65.2841,-60.0147,-61.5741,-58.1266
5,-16.0051,-0.420783,-15.8966,-17.0545,-0.903793,-17.736,-15.8966,-58.2932,-64.6592,-58.2932,-60.4225,-64.6592,-60.4225,-62.0133,-58.2932,-64.6592,-60.4225,-62.0133,-58.2932
5.05,-15.9694,-0.424414,-15.8656,-17.1163,-0.909889,-17.8578,-15.8656,-58.4289,-64.068,-58.4289,-60.7366,-64.068,-60.7366,-62.373,-58.4289,-64.068,-60.7366,-62.373,-58.4289
5.1,-15.9345,-0.428104,-15.8348,-17.1797,-0.916072,-17.9881,-15.8348,-58.5439,-63.5337,-58.5439,-60.9785,-63.5337,-60.9785,-62.6687,-58.5439,-63.5337,-60.9785,-62.6687,-58.5439
5.15,-15.9005,-0.431832,-15.8044,-17.2429,-0.922371,-18.1256,-15.8044,-58.6451,-63.0529,-58.6451,-61.1634,-63.0529,-61.1634,-62.9122,-58.6451,-63.0529,-61.1634,-62.9122,-58.6451
5.2,-15.8676,-0.435581,-15.7749,-17.3038,-0.928811,-18.2692,-15.7749,-58.7375,-62.6167,-58.7375,-61.3028,-62.6167,-61.3028,-63.1127,-58.7375,-62.6167,-61.3028,-63.1127,-58.7375
5.25,-15.8357,-0.439342,-15.7462,-17.3604,-0.935421,-18.4171,-15.7462,-58.8246,-62.2164,-58.8246,-61.4051,-62.2164,-61.4051,-63.2776,-58.8246,-62.2164,-61.4051,-63.2776,-58.8246
5.3,-15.805,-0.443104,-15.7186,-17.4106,-0.942224,-18.5675,-15.7186,-58.909,-61.8446,-58.909,-61.4765,-61.8446,-61.4765,-63.4127,-58.909,-61.8446,-61.4765,-63.4127,-58.909
5.35,-15.7755,-0.446861,-15.6923,-17.4523,-0.949246,-18.7182,-15.6923,-58.9927,-61.496,-58.9927,-61.5221,-61.496,-61.5221,-63.5226,-58.9927,-61.496,-61.5221,-63.5226,-58.9927
5.4,-15.7475,-0.450606,-15.6673,-17.4836,-0.95651,-18.8666,-15.6673,-59.0774,-61.1663,-59.0774,-61.5456,-61.1663,-61.5456,-63.6113,-59.0774,-61.1663,-61.5456,-63.6113,-59.0774
5.45,-15.7209,-0.454335,-15.6438,-17.5028,-0.964034,-19.01,-15.6438,-59.1641,-60.8526,-59.1641,-61.5498,-60.8526,-61.5498,-63.6822,-59.1641,-60.8526,-61.5498,-63.6822,-59.1641
5.5,-15.6958,-0.458042,-15.6218,-17.5086,-0.971838,-19.1451,-15.6218,-59.2541,-60.5527,-59.2541,-61.5371,-60.5527,-61.5371,-63.7379,-59.2541,-60.5527,-61.5371,-63.7379,-59.2541
5.55,-15.6724,-0.461723,-15.6015,-17.4999,-0.979938,-19.2687,-15.6015,-59.348,-60.2652,-59.348,-61.5088,-60.2652,-61.5088,-63.7812,-59.348,-60.2652,-61.5088,-63.7812,-59.348
5.6,-15.6506,-0.465373,-15.583,-17.476,-0.988344,-19.3774,-15.583,-59.4467,-59.9891,-59.4467,-61.466,-59.9891,-61.466,-63.8144,-59.4467,-59.9891,-61.466,-63.8144,-59.4467
5.65,-15.6307,-0.468989,-15.5663,-17.4365,-0.997067,-19.4676,-15.5663,-59.5508,-59.7239,-59.5508,-61.4087,-59.7239,-61.4087,-63.8395,-59.5508,-59.7239,-61.4087,-63.8395,-59.5508
5.7,-15.6127,-0.472568,-15.5516,-17.3814,-1.00611,-19.5362,-15.5516,-59.4695,-59.4695,-59.6608,-61.336,-59.4695,-61.336,-63.8587,-59.6608,-59.4695,-61.336,-63.8587,-59.6608
5.75,-15.5967,-0.476104,-15.5389,-17.3112,-1.01548,-19.5801,-15.5389,-59.2257,-59.2257,-59.7774,-61.2454,-59.2257,-61.2454,-63.8741,-59.7774,-59.2257,-61.2454,-63.8741,-59.7774
5.8,-15.5828,-0.479596,-15.5284,-17.2265,-1.02517,-19.5973,-15.5284,-58.9929,-58.9929,-59.901,-61.1316,-58.9929,-61.1316,-63.8875,-59.901,-58.9929,-61.1316,-63.8875,-59.901
5.85,-15.5709,-0.483039,-15.5201,-17.1283,-1.03517,-19.586,-15.5201,-58.7713,-58.7713,-60.032,-60.9841,-58.7713,-60.9841,-63.9008,-60.032,-58.7713,-60.9841,-63.9008,-60.032
5.9,-15.5614,-0.486431,-15.5141,-17.0178,-1.04548,-19.5455,-15.5141,-58.5613,-58.5613,-60.1709,-60.782,-58.5613,-60.782,-63.9161,-60.1709,-58.5613,-60.782,-63.9161,-60.1709
5.95,-15.5541,-0.489769,-15.5106,-16.8963,-1.05609,-19.4762,-15.5106,-58.363,-58.363,-60.3181,-60.4846,-58.363,-60.4846,-63.935,-60.3181,-58.363,-60.4846,-63.935,-60.3181
6,-15.5493,-0.493049,-15.5095,-16.7653,-1.06697,-19.3791,-15.5095,-58.1768,-58.1768,-60.474,-60.0134,-58.1768,-60.0134,-63.9593,-60.474,-58.1768,-60.0134,-63.9593,-60.474
6.05,-15.5469,-0.496269,-15.5111,-16.6262,-1.0781,-19.2563,-15.5111,-58.0028,-58.0028,-60.639,-59.2467,-58.0028,-59.2467,-63.9905,-60.639,-58.0028,-59.2467,-63.9905,-60.639
6.1,-15.5471,-0.499426,-15.5154,-16.4808,-1.08946,-19.1103,-15.5154,-57.8412,-57.8412,-60.8133,-58.16,-57.8412,-58.16,-64.03,-60.8133,-57.8412,-58.16,-64.03,-60.8133
6.15,-15.5499,-0.502519,-15.5225,-16.3306,-1.10102,-18.9445,-15.5225,-57.2858,-57.6916,-60.9974,-57.2858,-57.6916,-57.2858,-64.0787,-60.9974,-57.6916,-57.2858,-64.0787,-60.9974
6.2,-15.5555,-0.505544,-15.5325,-16.1772,-1.11276,-18.7622,-15.5325,-57.3071,-57.5539,-61.1916,-57.3071,-57.5539,-57.3071,-64.1374,-61.1916,-57.5539,-57.3071,-64.1374,-61.1916
6.25,-15.5639,-0.5085,-15.5456,-16.0221,-1.12463,-18.5671,-15.5456,-57.4276,-57.4276,-61.396,-57.798,-57.4276,-57.798,-64.2063,-61.396,-57.4276,-57.798,-64.2063,-61.396
6.3,-15.5752,-0.511385,-15.5617,-15.8669,-1.13661,-18.3627,-15.5617,-57.3121,-57.3121,-61.6109,-58.226,-57.3121,-58.226,-64.2852,-61.6109,-57.3121,-58.226,-64.2852,-61.6109
6.35,-15.5895,-0.514196,-15.5811,-15.7129,-1.14865,-18.1525,-15.5811,-57.2066,-57.2066,-61.8364,-58.4892,-57.2066,-58.4892,-64.3731,-61.8364,-57.2066,-58.4892,-64.3731,-61.8364
6.4,-15.6069,-0.516934,-15.6038,-15.5617,-1.16072,-17.9396,-15.5617,-57.1103,-57.1103,-62.0726,-58.6239,-57.1103,-58.6239,-64.4689,-62.0726,-57.1103,-58.6239,-64.4689,-62.0726
6.45,-15.6274,-0.519596,-15.63,-15.4143,-1.17277,-17.727,-15.4143,-57.0222,-57.0222,-62.3193,-58.6726,-57.0222,-58.6726,-64.5705,-62.3193,-57.0222,-58.6726,-64.5705,-62.3193
6.5,-15.6512,-0.522181,-15.6597,-15.2722,-1.18478,-17.5171,-15.2722,-56.9413,-56.9413,-62.5764,-58.6648,-56.9413,-58.6648,-64.6756,-62.5764,-56.9413,-58.6648,-64.6756,-62.5764
6.55,-15.6783,-0.524688,-15.6931,-15.1364,-1.19669,-17.3123,-15.1364,-56.8664,-56.8664,-62.8435,-58.619,-56.8664,-58.619,-64.7812,-62.8435,-56.8664,-58.619,-64.7812,-62.8435
6.6,-15.7088,-0.527117,-15.7303,-15.0079,-1.20846,-17.1144,-15.0079,-56.7966,-56.7966,-63.12,-58.5469,-56.7966,-58.5469,-64.8839,-63.12,-56.7966,-58.5469,-64.8839,-63.12
6.65,-15.7428,-0.529467,-15.7715,-14.8878,-1.22006,-16.9252,-14.8878,-56.7308,-56.7308,-63.4048,-58.4562,-56.7308,-58.4562,-64.9802,-63.4048,-56.7308,-58.4562,-64.9802,-63.4048
6.7,-15.7805,-0.531739,-15.8166,-14.7769,-1.23145,-16.7459,-14.7769,-56.668,-56.668,-63.6968,-58.3521,-56.668,-58.3521,-65.0662,-63.6968,-56.668,-58.3521,-65.0662,-63.6968
6.75,-15.8219,-0.533932,-15.8659,-14.676,-1.24258,-16.5779,-14.676,-56.6073,-56.6073,-63.9943,-58.2385,-56.6073,-58.2385,-65.1381,-63.9943,-56.6073,-58.2385,-65.1381,-63.9943
6.8,-15.867,-0.536046,-15.9196,-14.5858,-1.25343,-16.4221,-14.5858,-56.5478,-56.5478,-64.295,-58.1182,-56.5478,-58.1182,-65.1919,-64.295,-56.5478,-58.1182,-65.1919,-64.295
6.85,-15.9161,-0.538082,-15.9776,-14.5069,-1.26396,-16.2793,-14.5069,-56.4889,-56.4889,-64.5961,-57.9933,-56.4889,-57.9933,-65.2243,-64.5961,-56.4889,-57.9933,-65.2243,-64.5961
6.9,-15.9692,-0.540041,-16.0403,-14.4399,-1.27413,-16.1502,-14.4399,-56.43,-56.43,-64.8941,-57.8658,-56.43,-57.8658,-65.2324,-64.8941,-56.43,-57.8658,-65.2324,-64.8941
6.95,-16.0264,-0.541923,-16.1077,-14.3852,-1.28392,-16.0354,-14.3852,-56.3706,-56.3706,-65.185,-57.7372,-56.3706,-57.7372,-65.2143,-65.185,-56.3706,-57.7372,-65.2143,-65.185
7,-16.0878,-0.543732,-16.1799,-14.3432,-1.29331,-15.9355,-14.3432,-56.3104,-56.3104,-65.4639,-57.6092,-56.3104,-57.6092,-65.1691,-65.4639,-56.3104,-57.6092,-65.1691,-65.4639
7.05,-16.1536,-0.545467,-16.2572,-14.3142,-1.30227,-15.8507,-14.3142,-56.2492,-56.2492,-65.7256,-57.4831,-56.2492,-57.4831,-65.0978,-65.7256,-56.2492,-57.4831,-65.0978,-65.7256
7.1,-16.2238,-0.547131,-16.3397,-14.2986,-1.31078,-15.7816,-14.2986,-56.1871,-56.1871,-65.9645,-57.3604,-56.1871,-57.3604,-65.0033,-65.9645,-56.1871,-57.3604,-65.0033,-65.9645
7.15,-16.2986,-0.548726,-16.4276,-14.2965,-1.31883,-15.7284,-14.2965,-56.124,-56.124,-66.1751,-57.2424,-56.124,-57.2424,-64.8903,-66.1751,-56.124,-57.2424,-64.8903,-66.1751
7.2,-16.3781,-0.550256,-16.5211,-14.308,-1.3264,-15.6914,-14.308,-56.0603,-56.0603,-66.3523,-57.1306,-56.0603,-57.1306,-64.7658,-66.3523,-56.0603,-57.1306,-64.7658,-66.3523
7.25,-16.4625,-0.551725,-16.6203,-14.3335,-1.3335,-15.671,-14.3335,-55.9964,-55.9964,-66.4921,-57.0264,-55.9964,-57.0264,-64.6383,-66.4921,-55.9964,-57.0264,-64.6383,-66.4921
7.3,-16.5518,-0.553137,-16.7255,-14.373,-1.34012,-15.6674,-14.373,-55.9328,-55.9328,-66.592,-56.9313,-55.9328,-56.9313,-64.5172,-66.592,-55.9328,-56.9313,-64.5172,-66.592
7.35,-16.6463,-0.5545,-16.8368,-14.4267,-1.34625,-15.681,-14.4267,-55.8702,-55.8702,-66.6506,-56.8467,-55.8702,-56.8467,-64.4116,-66.6506,-55.8702,-56.8467,-64.4116,-66.6506
7.4,-16.7461,-0.555825,-16.9545,-14.4948,-1.35192,-15.712,-14.4948,-55.8095,-55.8095,-66.6673,-56.7741,-55.8095,-56.7741,-64.3291,-66.6673,-55.8095,-56.7741,-64.3291,-66.6673
7.45,-16.8514,-0.55713,-17.0789,-14.5775,-1.35712,-15.7608,-14.5775,-55.7517,-55.7517,-66.6402,-56.7151,-55.7517,-56.7151,-64.2749,-66.6402,-55.7517,-56.7151,-64.2749,-66.6402
7.5,-16.9623,-0.558439,-17.21,-14.6749,-1.36187,-15.8278,-14.6749,-55.6977,-55.6977,-66.5629,-56.6709,-55.6977,-56.6709,-64.2514,-66.5629,-55.6977,-56.6709,-64.2514,-66.5629
7.55,-17.0791,-0.559786,-17.3481,-14.7875,-1.3662,-15.9134,-14.7875,-55.6489,-55.6489,-66.4181,-56.6429,-55.6489,-56.6429,-64.2577,-66.4181,-55.6489,-56.6429,-64.2577,-66.4181
7.6,-17.202,-0.561166,-17.4936,-14.9155,-1.37011,-16.0182,-14.9155,-55.6064,-55.6064,-66.1718,-56.6324,-55.6064,-56.6324,-64.2905,-66.1718,-55.6064,-56.6324,-64.2905,-66.1718
7.65,-17.3311,-0.562484,-17.6465,-15.0592,-1.37365,-16.1425,-15.0592,-55.5716,-55.5716,-65.771,-56.6404,-55.5716,-56.6404,-64.345,-65.771,-55.5716,-56.6404,-64.345,-65.771
7.7,-17.4669,-0.56361,-17.8072,-15.2192,-1.37684,-16.2871,-15.2192,-55.5458,-55.5458,-65.1635,-56.6679,-55.5458,-56.6679,-64.4153,-65.1635,-55.5458,-56.6679,-64.4153,-65.1635
7.75,-17.6094,-0.564559,-17.9761,-15.3959,-1.3797,-16.4527,-15.3959,-55.5304,-55.5304,-64.3436,-56.7157,-55.5304,-56.7157,-64.4958,-64.3436,-55.5304,-56.7157,-64.4958,-64.3436
7.8,-17.7591,-0.56543,-18.1538,-15.5899,-1.38229,-16.6398,-15.5899,-55.5266,-55.5266,-63.3893,-56.7842,-55.5266,-56.7842,-64.5812,-63.3893,-55.5266,-56.7842,-64.5812,-63.3893
7.85,-17.9162,-0.566289,-18.341,-15.8018,-1.38463,-16.8495,-15.8018,-55.5356,-55.5356,-62.4316,-56.8736,-55.5356,-56.8736,-64.6672,-62.4316,-55.5356,-56.8736,-64.6672,-62.4316
7.9,-18.0812,-0.567158,-18.5386,-16.0322,-1.38677,-17.0826,-16.0322,-55.5585,-55.5585,-61.5769,-56.984,-55.5585,-56.984,-64.7501,-61.5769,-55.5585,-56.984,-64.7501,-61.5769
7.95,-18.2544,-0.568045,-18.7472,-16.2818,-1.38874,-17.3402,-16.2818,-55.5961,-55.5961,-60.8652,-57.1149,-55.5961,-57.1149,-64.8274,-60.8652,-55.5961,-57.1149,-64.8274,-60.8652
8,-18.4362,-0.56895,-18.9675,-16.5511,-1.3906,-17.6233,-16.5511,-55.649,-55.649,-60.2852,-57.2656,-55.649,-57.2656,-64.8973,-60.2852,-55.649,-57.2656,-64.8973,-60.2852
8.05,-18.627,-0.569876,-19.2001,-16.8407,-1.39237,-17.9333,-16.8407,-55.7176,-55.7176,-59.806,-57.4347,-55.7176,-57.4347,-64.9586,-59.806,-55.7176,-57.4347,-64.9586,-59.806
8.1,-18.8273,-0.570825,-19.4455,-17.1507,-1.39411,-18.2714,-17.1507,-55.8021,-55.8021,-59.3981,-57.6203,-55.8021,-57.6203,-65.0107,-59.3981,-55.8021,-57.6203,-65.0107,-59.3981
8.15,-19.0375,-0.571801,-19.7045,-17.4797,-1.39585,-18.6389,-17.4797,-55.902,-55.902,-59.041,-57.8187,-55.902,-57.8187,-65.0535,-59.041,-55.902,-57.8187,-65.0535,-59.041
8.2,-19.2581,-0.572808,-19.978,-17.8224,-1.39763,-19.0371,-17.8224,-56.0168,-56.0168,-58.7276,-58.024,-56.0168,-58.024,-65.0869,-58.7276,-56.0168,-58.024,-65.0869,-58.7276
8.25,-19.4895,-0.573852,-20.267,-18.174,-1.3995,-19.4664,-18.174,-56.1455,-56.1455,-58.4785,-58.2242,-56.1455,-58.2242,-65.1104,-58.4785,-56.1455,-58.2242,-65.1104,-58.4785
8.3,-19.7322,-0.574938,-20.5726,-18.5511,-1.40148,-19.9263,-18.5511,-56.2864,-56.2864,-58.394,-58.3933,-56.2864,-58.3933,-65.1219,-58.394,-56.2864,-58.3933,-65.1219,-58.394
8.35,-19.9866,-0.576075,-20.8961,-18.9611,-1.40363,-20.417,-18.9611,-56.4367,-56.4367,-58.479,-58.4736,-56.4367,-58.4736,-65.1139,-58.479,-56.4367,-58.4736,-65.1139,-58.479
8.4,-20.2533,-0.577271,-21.2391,-19.3941,-1.40601,-20.9556,-19.3941,-56.5912,-56.5912,-58.1968,-58.8513,-56.5912,-58.8513,-65.0655,-58.1968,-56.5912,-58.8513,-65.0655,-58.1968
8.45,-20.5328,-0.578546,-21.6033,-19.8443,-1.40875,-21.5635,-19.8443,-56.7374,-56.7374,-57.8056,-61.8157,-56.7374,-61.8157,-64.9245,-57.8056,-56.7374,-61.8157,-64.9245,-57.8056
8.5,-20.8256,-0.579921,-21.9907,-20.3089,-1.41203,-22.2271,-20.3089,-56.8274,-56.8274,-57.4852,-61.2966,-56.8274,-61.2966,-64.6083,-57.4852,-56.8274,-61.2966,-64.6083,-57.4852
8.55,-21.1324,-0.581405,-22.4036,-20.7851,-1.41605,-22.94,-20.7851,-56.4847,-56.4847,-57.2176,-61.3653,-56.4847,-61.3653,-64.1394,-57.2176,-56.4847,-61.3653,-64.1394,-57.2176
8.6,-21.4538,-0.582973,-22.8446,-21.2694,-1.42079,-23.7079,-21.2694,-56.9842,-57.927,-56.9842,-61.6511,-57.927,-61.6511,-63.7664,-56.9842,-57.927,-61.6511,-63.7664,-56.9842
8.65,-21.7903,-0.584605,-23.3169,-21.7575,-1.42599,-24.5384,-21.7575,-56.7758,-57.9164,-56.7758,-62.0378,-57.9164,-62.0378,-63.6035,-56.7758,-57.9164,-62.0378,-63.6035,-56.7758
8.7,-22.1425,-0.586313,-23.8244,-22.2445,-1.4314,-25.4389,-22.1425,-56.5879,-58.0837,-56.5879,-62.4909,-58.0837,-62.4909,-63.5446,-56.5879,-58.0837,-62.4909,-63.5446,-56.5879
8.75,-22.5109,-0.588114,-24.3713,-22.7246,-1.43696,-26.417,-22.5109,-56.4186,-58.2927,-56.4186,-62.9988,-58.2927,-62.9988,-63.5022,-56.4186,-58.2927,-62.9988,-63.5022,-56.4186
8.8,-22.8959,-0.590024,-24.963,-23.1913,-1.44272,-27.4792,-22.8959,-56.2671,-58.5207,-56.2671,-63.4457,-58.5207,-63.5588,-63.4457,-56.2671,-58.5207,-63.5588,-63.4457,-56.2671
8.85,-23.2973,-0.592052,-25.6061,-23.6379,-1.44873,-28.6298,-23.2973,-56.133,-58.761,-56.133,-63.369,-58.761,-64.1726,-63.369,-56.133,-58.761,-64.1726,-63.369,-56.133
8.9,-23.7151,-0.594209,-26.3087,-24.0577,-1.45505,-29.8665,-23.7151,-56.0168,-59.0109,-56.0168,-63.273,-59.0109,-64.8447,-63.273,-56.0168,-59.0109,-64.8447,-63.273,-56.0168
8.95,-24.1483,-0.596502,-27.0806,-24.4445,-1.46168,-31.1713,-24.1483,-55.9187,-59.2696,-55.9187,-63.1603,-59.2696,-65.5819,-63.1603,-55.9187,-59.2696,-65.5819,-63.1603,-55.9187
9,-24.5952,-0.598939,-27.9346,-24.793,-1.46864,-32.4938,-24.5952,-55.8395,-59.5375,-55.8395,-63.0332,-59.5375,-66.3928,-63.0332,-55.8395,-59.5375,-66.3928,-63.0332,-55.8395
9.05,-25.0529,-0.601526,-28.8866,-25.0996,-1.4759,-33.7252,-25.0529,-55.7798,-59.8158,-55.7798,-62.894,-59.8158,-67.2873,-62.894,-55.7798,-59.8158,-67.2873,-62.894,-55.7798
9.1,-25.5171,-0.604271,-29.9571,-25.3626,-1.48346,-34.6832,-25.3626,-55.7407,-60.1064,-55.7407,-62.7443,-60.1064,-68.2758,-62.7443,-55.7407,-60.1064,-68.2758,-62.7443,-55.7407
9.15,-25.9811,-0.607182,-31.172,-25.5823,-1.49128,-35.165,-25.5823,-55.7231,-60.4122,-55.7231,-62.5859,-60.4122,-69.3655,-62.5859,-55.7231,-60.4122,-69.3655,-62.5859,-55.7231
9.2,-26.4355,-0.610266,-32.5627,-25.7612,-1.49934,-35.0897,-25.7612,-55.7282,-60.7372,-55.7282,-62.42,-60.7372,-70.5523,-62.42,-55.7282,-60.7372,-70.5523,-62.42,-55.7282
9.25,-26.8676,-0.613529,-34.1605,-25.9036,-1.5076,-34.5753,-25.9036,-55.757,-61.0867,-55.757,-62.248,-61.0867,-71.8006,-62.248,-55.757,-61.0867,-71.8006,-62.248,-55.757
9.3,-27.2611,-0.61698,-35.9701,-26.015,-1.51605,-33.8319,-26.015,-55.8111,-61.4671,-55.8111,-62.0713,-61.4671,-73.0028,-62.0713,-55.8111,-61.4671,-73.0028,-62.0713,-55.8111
9.35,-27.5966,-0.620624,-37.8711,-26.1018,-1.52464,-33.0311,-26.1018,-55.8917,-61.8867,-55.8917,-61.891,-61.8867,-73.9265,-61.891,-55.8917,-61.8867,-73.9265,-61.891,-55.8917
9.4,-27.8528,-0.624469,-39.3613,-26.171,-1.53334,-32.2705,-26.171,-56.0004,-62.355,-56.0004,-61.7084,-62.355,-74.2472,-61.7084,-56.0004,-62.355,-74.2472,-61.7084,-56.0004
9.45,-28.0099,-0.628521,-39.5182,-26.2294,-1.54213,-31.5953,-26.2294,-56.1389,-62.8828,-56.1389,-61.5251,-62.8828,-73.7946,-61.5251,-56.1389,-62.8828,-73.7946,-61.5251,-56.1389
9.5,-28.0525,-0.632789,-38.1833,-26.2834,-1.55098,-31.0223,-26.2834,-56.309,-63.4816,-56.309,-61.3423,-63.4816,-72.7482,-61.3423,-56.309,-63.4816,-72.7482,-61.3423,-56.309
9.55,-27.9739,-0.637277,-36.2456,-26.3394,-1.55987,-30.5555,-26.3394,-56.5125,-64.1617,-56.5125,-61.1616,-64.1617,-71.4361,-61.1616,-56.5125,-64.1617,-71.4361,-61.1616,-56.5125
9.6,-27.7775,-0.641993,-34.331,-26.4026,-1.56878,-30.1938,-26.4026,-56.7516,-64.9296,-56.7516,-60.9845,-64.9296,-70.0916,-60.9845,-56.7516,-64.9296,-70.0916,-60.9845,-56.7516
9.65,-27.476,-0.646944,-32.6182,-26.478,-1.57771,-29.935,-26.478,-57.0287,-65.785,-57.0287,-60.8129,-65.785,-68.8236,-60.8129,-57.0287,-65.785,-68.8236,-60.8129,-57.0287
9.7,-27.0882,-0.652136,-31.1177,-26.5694,-1.58665,-29.7767,-26.5694,-57.3461,-66.7153,-57.3461,-60.6483,-66.7153,-67.6698,-60.6483,-57.3461,-66.7153,-67.6698,-60.6483,-57.3461
9.75,-26.6355,-0.657575,-29.8004,-26.6792,-1.59562,-29.7178,-26.6355,-57.7067,-67.6908,-57.7067,-60.4926,-67.6908,-66.6366,-60.4926,-57.7067,-67.6908,-66.6366,-60.4926,-57.7067
9.8,-26.1386,-0.663268,-28.6341,-26.8073,-1.60465,-29.7584,-26.1386,-58.1133,-68.6607,-58.1133,-60.3475,-68.6607,-65.7188,-60.3475,-58.1133,-68.6607,-65.7188,-60.3475,-58.1133
9.85,-25.6152,-0.669221,-27.5917,-26.9497,-1.61375,-29.8996,-25.6152,-58.569,-69.556,-58.569,-60.2149,-69.556,-64.9074,-60.2149,-58.569,-69.556,-64.9074,-60.2149,-58.569
9.9,-25.0795,-0.675439,-26.6514,-27.0953,-1.62299,-30.1434,-25.0795,-59.0769,-70.3022,-59.0769,-60.0964,-70.3022,-64.1933,-60.0964,-59.0769,-70.3022,-64.1933,-60.0964,-59.0769
9.95,-24.5424,-0.68193,-25.7963,-27.2218,-1.63242,-30.4927,-24.5424,-59.6398,-70.8432,-59.6398,-59.9936,-70.8432,-63.5677,-59.9936,-59.6398,-70.8432,-63.5677,-59.9936,-59.6398
10,-24.0115,-0.688699,-25.0131,-27.2897,-1.64212,-30.9501,-24.0115,-59.9079,-71.1641,-60.2597,-59.9079,-71.1641,-63.0227,-59.9079,-60.2597,-71.1641,-63.0227,-59.9079,-60.2597
