freq_ghz,ads_smoke_s11_db,hfss_standard_s11_db,delta_s11_db,abs_delta_s11_db,ads_smoke_s21_db,hfss_standard_s21_db,delta_s21_db,abs_delta_s21_db,ads_smoke_s22_db,hfss_standard_s22_db,delta_s22_db,abs_delta_s22_db
4,-0.0579887,-0.229022,-0.171033,0.171033,-44.2421,-41.1307,3.11141,3.11141,-0.0590291,-0.231054,-0.172025,0.172025
4.15384615,-0.067667,-0.259679,-0.192012,0.192012,-42.4261,-39.1104,3.31574,3.31574,-0.0690412,-0.261921,-0.19288,0.19288
4.30769231,-0.0792445,-0.298094,-0.218849,0.218849,-40.4196,-36.8592,3.56041,3.56041,-0.081097,-0.300575,-0.219478,0.219478
4.46153846,-0.0934208,-0.348045,-0.254624,0.254624,-38.1722,-34.3209,3.8513,3.8513,-0.0959911,-0.350797,-0.254806,0.254806
4.61538462,-0.111401,-0.416496,-0.305095,0.305095,-35.6154,-31.4205,4.19485,4.19485,-0.115115,-0.41955,-0.304435,0.304435
4.76923077,-0.135512,-0.51784,-0.382328,0.382328,-32.652,-28.0541,4.59788,4.59788,-0.141194,-0.521226,-0.380032,0.380032
4.92307692,-0.170999,-0.686953,-0.515954,0.515954,-29.1365,-24.0729,5.06359,5.06359,-0.18045,-0.690693,-0.510243,0.510243
5.07692308,-0.232699,-1.02948,-0.796781,0.796781,-24.8316,-19.2642,5.5674,5.5674,-0.250571,-1.03358,-0.783009,0.783009
5.23076923,-0.380003,-1.98149,-1.60149,1.60149,-19.3014,-13.4089,5.89254,5.89254,-0.422246,-1.986,-1.56375,1.56375
5.38461538,-1.04471,-5.91895,-4.87424,4.87424,-11.6613,-7.18581,4.47553,4.47553,-1.20957,-5.92445,-4.71488,4.71488
5.53846154,-8.77896,-11.1474,-2.36844,2.36844,-3.11426,-4.31604,-1.20178,1.20178,-14.8481,-11.1456,3.70251,3.70251
5.69230769,-3.30301,-8.95053,-5.64752,5.64752,-4.54002,-3.88556,0.654458,0.654458,-3.53707,-8.93386,-5.39679,5.39679
5.84615385,-3.18954,-13.8084,-10.6189,10.6189,-4.59279,-3.30054,1.29225,1.29225,-3.21062,-13.6794,-10.4688,10.4688
6,-7.34449,-13.4375,-6.09301,6.09301,-2.50774,-3.24437,-0.736627,0.736627,-7.20004,-13.2983,-6.09826,6.09826
6.15384615,-16.0815,-7.96095,8.12054,8.12054,-1.56503,-3.7882,-2.22317,2.22317,-14.9441,-7.92743,7.01668,7.01668
6.30769231,-6.25821,-6.91541,-0.657197,0.657197,-2.5842,-4.05121,-1.46701,1.46701,-6.14796,-6.87828,-0.730318,0.730318
6.46153846,-5.5291,-8.63529,-3.10619,3.10619,-2.88029,-3.72765,-0.847362,0.847362,-5.38225,-8.52381,-3.14156,3.14156
6.61538462,-9.05346,-14.6992,-5.64574,5.64574,-2.06289,-3.2454,-1.18251,1.18251,-8.47243,-14.015,-5.54257,5.54257
6.76923077,-26.0346,-14.6065,11.4281,11.4281,-1.52651,-3.2854,-1.75889,1.75889,-15.9135,-13.9845,1.92902,1.92902
6.92307692,-7.44275,-8.93612,-1.49337,1.49337,-2.47805,-3.82687,-1.34882,1.34882,-7.06996,-8.88488,-1.81492,1.81492
7.07692308,-4.56702,-7.31379,-2.74677,2.74677,-3.64513,-4.25752,-0.61239,0.61239,-4.46088,-7.38592,-2.92504,2.92504
7.23076923,-4.26068,-7.86053,-3.59985,3.59985,-3.93995,-4.2425,-0.302553,0.302553,-4.19636,-8.04715,-3.85079,3.85079
7.38461538,-5.70891,-10.7284,-5.01949,5.01949,-3.2611,-3.90498,-0.643876,0.643876,-5.61148,-11.2371,-5.62562,5.62562
7.53846154,-11.469,-16.2899,-4.82087,4.82087,-2.18103,-3.70758,-1.52655,1.52655,-10.9621,-18.7452,-7.7831,7.7831
7.69230769,-16.2486,-12.8596,3.38903,3.38903,-2.07905,-4.05761,-1.97856,1.97856,-14.7705,-13.8107,0.959831,0.959831
7.84615385,-6.79735,-9.03574,-2.23839,2.23839,-3.39481,-4.80936,-1.41455,1.41455,-6.65023,-9.4128,-2.76257,2.76257
8,-4.88625,-7.87408,-2.98783,2.98783,-4.5977,-5.51763,-0.919926,0.919926,-4.83204,-8.15332,-3.32128,3.32128
8.15384615,-7.37084,-8.66462,-1.29378,1.29378,-4.37745,-5.96581,-1.58836,1.58836,-7.5577,-8.98443,-1.42673,1.42673
8.30769231,-4.3579,-11.4904,-7.1325,7.1325,-8.97155,-6.74785,2.2237,2.2237,-4.48417,-12.3273,-7.84313,7.84313
8.46153846,-1.51944,-7.85139,-6.33195,6.33195,-20.4731,-10.1857,10.2874,10.2874,-1.49543,-8.21501,-6.71958,6.71958
8.61538462,-1.04733,-4.57479,-3.52746,3.52746,-30.6917,-16.5335,14.1582,14.1582,-1.0165,-4.60337,-3.58687,3.58687
8.76923077,-0.833472,-3.36302,-2.52955,2.52955,-40.2198,-23.4406,16.7792,16.7792,-0.807874,-3.29636,-2.48849,2.48849
8.92307692,-0.694199,-2.72032,-2.02612,2.02612,-49.9245,-30.1326,19.7919,19.7919,-0.675064,-2.62622,-1.95116,1.95116
9.07692308,-0.593463,-2.27675,-1.68329,1.68329,-61.2486,-36.5534,24.6952,24.6952,-0.579856,-2.18356,-1.6037,1.6037
9.23076923,-0.518096,-1.941,-1.4229,1.4229,-74.5743,-42.6777,31.8966,31.8966,-0.508753,-1.8599,-1.35115,1.35115
9.38461538,-0.460887,-1.68079,-1.2199,1.2199,-68.3076,-48.2047,20.1029,20.1029,-0.454701,-1.61465,-1.15995,1.15995
9.53846154,-0.417085,-1.47795,-1.06087,1.06087,-65.8044,-52.2148,13.5896,13.5896,-0.413192,-1.42611,-1.01292,1.01292
9.69230769,-0.383333,-1.31935,-0.936017,0.936017,-64.727,-54.0323,10.6947,10.6947,-0.381094,-1.27994,-0.898846,0.898846
9.84615385,-0.357198,-1.19489,-0.837692,0.837692,-64.1816,-54.546,9.63564,9.63564,-0.356144,-1.16584,-0.809696,0.809696
10,-0.336893,-1.09676,-0.759867,0.759867,-63.9222,-54.7428,9.17944,9.17944,-0.336681,-1.07623,-0.739549,0.739549
